,Company,Stats,Quote,Chart
MSFT,Packaged Software,1356222409600,180.76,172.79
AAPL,Telecommunications Equipment,1270655114400,297.56,298.81
AMZN,Internet Retail,1155160228240,2317.8,1953.95
FB,Internet Software/Services,584898633000,207.07,196.44
GOOGL,Internet Software/Services,903037324644,1349.02,1386.32
GOOG,Internet Software/Services,905699540659,1351.11,1389.11
JNJ,Pharmaceuticals: Major,390630659300,149.5,140.02
BRK.B,Multi-Line Insurance,432569757500,176.03,217.63
V,Finance/Rental/Leasing,343316350000,178.44,192.33
JPM,Major Banks,280708195600,92.0,121.52
PG,Household/Personal Care,286604842800,116.01,119.56
UNH,Managed Health Care,272422872040,293.04,273.11
INTC,Semiconductors,245529660000,58.75,58.18
MA,Finance/Rental/Leasing,270348079660,273.98,306.74
HD,Home Improvement Chains,238282780800,225.61,229.94
VZ,Major Telecommunications,232721120000,56.51,57.32
T,Major Telecommunications,212317248000,29.74,37.18
PFE,Pharmaceuticals: Major,208702216800,38.51,34.88
MRK,Pharmaceuticals: Major,194078417400,78.01,81.37
DIS,Media Conglomerates,186285299200,101.06,119.98
XOM,Integrated Oil,189861698400,44.83,53.88
BAC,Major Banks,198931737300,22.66,29.37
PEP,Beverages: Non-Alcoholic,181651500000,131.67,137.58
CSCO,Information Technology Services,175360388000,41.46,41.17
NVDA,Semiconductors,178411046940,293.74,276.43
KO,Beverages: Non-Alcoholic,193871334600,45.4,55.92
NFLX,Cable/Satellite TV,188302082600,424.68,381.05
CVX,Integrated Oil,170716651200,92.89,96.59
CMCSA,Cable/Satellite TV,165313671463,36.05,42.52
WMT,Food Retail,350528690000,124.73,115.88
ADBE,Packaged Software,168201547110,356.13,360.28
ABT,Medical Specialties,158895795500,93.03,81.61
PYPL,Data Processing Services,145039577400,125.43,112.86
BMY,Pharmaceuticals: Major,136132218200,61.36,60.34
CRM,Packaged Software,144515650000,163.25,176.76
MCD,Restaurants,135223073050,179.24,202.55
AMGN,Biotechnology,135832114770,236.36,212.2
COST,Specialty Stores,134456694200,307.92,309.14
TMO,Medical Specialties,129038390720,336.32,304.96
MDT,Medical Specialties,127664594200,97.9,102.62
LLY,Pharmaceuticals: Major,146604656000,157.89,132.84
ABBV,Pharmaceuticals: Major,120880206200,85.37,88.69
ACN,Information Technology Services,114365457310,181.62,189.55
PM,Tobacco,114153200300,72.2,84.97
ORCL,Packaged Software,163197765000,52.05,50.9
WFC,Major Banks,111845090000,26.32,42.26
NEE,Electric Utilities,112617550500,230.1,268.35
TSLA,Motor Vehicles,141102551490,768.21,743.62
IBM,Information Technology Services,108038698560,122.58,134.3
UNP,Railroads,105055897760,156.38,160.34
TXN,Semiconductors,101413916500,111.54,118.97
NKE,Apparel/Footwear,133342965000,87.2,92.68
C,Financial Conglomerates,93939840000,43.95,67.59
AVGO,Semiconductors,104849187660,264.87,284.97
GILD,Biotechnology,101036355000,79.14,75.4
DHR,Medical Specialties,112283722400,164.45,150.69
AMT,Real Estate Investment Trusts,104899498780,240.26,240.75
HON,Industrial Conglomerates,94889849600,134.87,164.24
LIN,Chemicals: Specialty,95929744120,182.01,198.15
RTX,Aerospace & Defense,50973810250,59.0,79.08
LMT,Aerospace & Defense,106610169600,390.3,381.35
SBUX,Restaurants,83974709000,72.9,82.38
QCOM,Telecommunications Equipment,85134702400,77.63,80.56
MMM,Industrial Conglomerates,85359086400,147.43,153.02
FIS,Data Processing Services,79428623460,131.95,148.61
LOW,Home Improvement Chains,81043775150,110.15,111.04
CVS,Drugstore Chains,78270120500,61.21,64.03
CHTR,Cable/Satellite TV,106476584856,513.44,497.13
MO,Tobacco,70636643700,36.8,42.07
BA,Aerospace & Defense,74186164500,125.4,289.27
MDLZ,Food: Major Diversified,71458647600,50.32,55.6
CI,Managed Health Care,68660151200,190.39,194.34
SPGI,Financial Publishing/Services,68841993000,295.41,289.31
ANTM,Managed Health Care,68323436000,275.07,271.27
INTU,Packaged Software,69753744420,274.48,281.18
BDX,Medical Specialties,72209501250,261.7,245.32
UPS,Air Freight/Couriers,77661520770,92.71,92.75
PLD,Real Estate Investment Trusts,64352649660,87.74,88.27
CAT,Trucks/Construction/Farm Machinery,58302265080,108.91,127.6
CME,Investment Banks/Brokers,61858618560,178.51,209.4
D,Electric Utilities,63520400000,77.94,84.18
CCI,Real Estate Investment Trusts,65734135230,158.68,156.24
AXP,Financial Conglomerates,69533481360,86.74,113.87
VRTX,Biotechnology,68628029130,272.33,232.29
BKNG,Other Consumer Services,57846651660,1393.2,1728.98
ADP,Data Processing Services,62093747520,145.82,163.0
DUK,Electric Utilities,60652816270,83.14,96.67
AMD,Semiconductors,61557746400,52.19,47.46
TJX,Apparel/Footwear Retail,57844359000,48.17,62.19
AGN,Pharmaceuticals: Generic,62226844200,192.78,193.84
SYK,Medical Specialties,66933035960,187.93,197.22
NOW,Information Technology Services,67631266560,370.64,344.4
SO,Electric Utilities,57993323200,55.63,63.93
BLK,Investment Managers,74675459860,485.49,487.94
GS,Investment Banks/Brokers,60848818190,178.3,209.47
CL,Household/Personal Care,59575417560,69.52,72.44
ISRG,Medical Specialties,58541069820,512.86,559.07
FISV,Data Processing Services,68675157440,103.83,114.23
ZTS,Pharmaceuticals: Generic,60522530400,131.3,138.91
EQIX,Real Estate Investment Trusts,58084074190,686.39,618.88
GE,Aerospace & Defense,54319428900,6.2,11.21
TGT,Specialty Stores,55835897590,111.76,109.06
USB,Major Banks,52437832200,33.54,48.16
MU,Semiconductors,49447967400,45.41,54.59
BIIB,Biotechnology,48388209240,304.44,327.89
CSX,Railroads,48790802840,63.77,70.75
TFC,Regional Banks,47828200000,35.25,48.81
BSX,Medical Specialties,50133336000,36.81,38.27
NOC,Aerospace & Defense,53771719680,328.74,335.99
GPN,Data Processing Services,48743788480,166.95,192.39
NEM,Precious Metals,50680619120,64.91,46.83
HUM,Managed Health Care,49952715040,384.06,345.36
CB,Property/Casualty Insurance,44837804380,100.16,151.81
ICE,Investment Banks/Brokers,49069396740,92.97,93.4
APD,Chemicals: Specialty,49327964250,224.3,230.65
AMAT,Industrial Machinery,43692951900,48.85,60.16
ATVI,Recreational Products,51383612300,68.53,60.59
ECL,Chemicals: Specialty,55381072320,193.32,191.22
PNC,Major Banks,43082640000,99.77,132.64
ITW,Industrial Machinery,50275641780,159.69,173.28
MMC,Insurance Brokers/Services,49962440000,100.26,108.01
NSC,Railroads,43040633790,171.36,182.59
KMB,Household/Personal Care,46222444310,137.13,141.1
MS,Investment Banks/Brokers,60029840000,37.98,46.48
COP,Oil & Gas Production,43462069600,40.92,49.23
ILMN,Biotechnology,45248074800,310.25,278.28
BAX,Medical Specialties,44406117720,88.74,87.18
PGR,Property/Casualty Insurance,44395005000,78.04,78.88
DE,Trucks/Construction/Farm Machinery,41692642800,135.15,163.92
EW,Medical Specialties,42744491700,214.58,212.92
DG,Discount Stores,44125791600,174.87,159.6
SCHW,Investment Banks/Brokers,45865786400,34.9,41.98
SHW,Industrial Specialties,48018672000,532.69,538.32
LHX,Aerospace & Defense,40520510720,189.0,202.05
ADI,Semiconductors,38073948000,105.94,111.27
REGN,Biotechnology,60966653785,574.37,464.75
ADSK,Packaged Software,39030833800,180.49,190.83
MCO,Financial Publishing/Services,46010625000,250.47,259.52
AEP,Electric Utilities,41095880650,83.31,95.09
LRCX,Electronic Production Equipment,34043392240,242.81,300.33
AON,Insurance Brokers/Services,41059182800,182.93,221.06
WM,Environmental Services,42176304120,99.02,117.03
EL,Household/Personal Care,62350341329,169.94,193.33
DLR,Real Estate Investment Trusts,37795099830,148.0,130.49
CNC,Managed Health Care,38141435940,68.35,55.44
SRE,Gas Distributors,36291819160,124.22,142.23
EXC,Electric Utilities,34525818500,35.87,45.43
GIS,Food: Major Diversified,36204682470,59.81,51.41
EMR,Electrical Products,32436917750,54.7,66.3
ETN,Electrical Products,31728000000,80.8,95.68
BX,Investment Managers,33459402950,50.66,56.03
DD,Chemicals: Major Diversified,32815312400,44.69,44.95
ROP,Electronic Equipment/Instruments,35606705520,345.87,361.02
ROST,Apparel/Footwear Retail,31412656930,88.77,111.98
ALL,Property/Casualty Insurance,31748077700,102.15,112.67
WBA,Drugstore Chains,37237989000,42.02,48.11
TMUS,Wireless Telecommunications,109820230400,88.97,93.29
XEL,Electric Utilities,32756559310,63.275,65.87
EA,Recreational Products,33842613420,119.61,106.89
SBAC,Real Estate Investment Trusts,32369988500,294.51,285.05
PSX,Oil Refining/Marketing,32172336240,75.2,75.11
CTSH,Information Technology Services,30937640430,57.14,61.33
COF,Major Banks,28042542900,60.96,91.47
GD,Aerospace & Defense,35795014700,126.36,165.03
BK,Major Banks,31454712540,35.14,40.96
DXCM,Medical Specialties,32536673000,364.28,285.73
FDX,Air Freight/Couriers,30265812500,117.67,139.75
KMI,Oil & Gas Pipelines,33130828500,14.95,20.24
SYY,Food Distributors,27373039470,50.54,69.68
HCA,Hospital/Nursing Management,35068773090,106.46,135.05
ORLY,Specialty Stores,28804910253,390.38,378.39
EBAY,Other Consumer Services,27914974990,40.32,35.96
GM,Motor Vehicles,29719810000,21.26,31.42
USD,Investment Trusts/Mutual Funds,62146000,45.89,56.88
WEC,Electric Utilities,28061097600,89.58,97.69
AFL,Life/Health Insurance,25650911000,35.92,45.29
MET,Life/Health Insurance,31073277260,34.27,44.56
MSCI,Investment Managers,27328857608,337.34,315.53
STZ,Beverages: Alcoholic,31577276046,163.01,177.22
PSA,Real Estate Investment Trusts,31653264370,179.44,219.25
KLAC,Electronic Production Equipment,23829344000,155.63,158.74
DOW,Chemicals: Specialty,24488566860,33.37,41.42
LULU,Apparel/Footwear Retail,28548229980,218.21,228.9
EOG,Oil & Gas Production,27205250700,46.05,62.86
INFO,Investment Managers,25981399080,65.62,73.49
VLO,Oil Refining/Marketing,25954118340,63.02,67.87
APH,Electronic Components,24831424480,86.25,94.93
TRV,Multi-Line Insurance,24502336760,96.85,127.68
TROW,Investment Managers,24914340010,109.67,125.48
ED,Electric Utilities,25736190560,77.54,84.53
ES,Electric Utilities,26690825600,80.99,93.62
PEG,Electric Utilities,24821940780,49.84,53.71
YUM,Restaurants,25001781000,83.28,92.53
TEL,Electronic Components,23209503320,70.82,85.35
MAR,Hotels/Resorts/Cruiselines,26774170180,83.66,122.96
IQV,Services to the Health Industry,25605460000,135.49,147.08
MSI,Aerospace & Defense,24216421480,140.82,173.49
PRU,Financial Conglomerates,23319070720,58.75,79.56
SLB,Oilfield Services/Equipment,22524156300,16.25,27.79
KR,Food Retail,25969577310,32.81,29.68
WDAY,Information Technology Services,34809088440,152.18,172.89
CMI,Trucks/Construction/Farm Machinery,22713102960,153.83,155.66
VRSK,Insurance Brokers/Services,25188718960,157.49,163.13
AZO,Specialty Stores,23584118880,1023.16,1046.89
VEEV,Packaged Software,28231009542,192.86,144.05
ZBH,Medical Specialties,23576215740,118.02,139.25
A,Biotechnology,23087578560,76.37,81.97
JCI,Office Equipment/Supplies,21791984310,28.65,38.07
MNST,Beverages: Non-Alcoholic,31176847870,60.65,64.77
TWTR,Internet Software/Services,22150076670,28.07,35.82
PCAR,Trucks/Construction/Farm Machinery,23635509000,68.06,69.68
SNPS,Packaged Software,22696295160,154.24,141.63
HPQ,Computer Processing Hardware,21303424000,14.81,21.86
ALXN,Biotechnology,23062864000,98.25,96.16
STT,Regional Banks,20554230400,58.08,68.69
CSGP,Internet Software/Services,23323467584,641.17,705.8
AIG,Multi-Line Insurance,20731250300,25.06,42.85
IDXX,Medical Specialties,23251258080,282.08,261.99
WMB,Oil & Gas Pipelines,23206985600,19.0,19.6
MCK,Medical Distributors,24026350080,133.55,150.41
AVB,Real Estate Investment Trusts,22258647600,159.34,209.67
XLNX,Semiconductors,20713191880,83.5,84.61
CLX,Household/Personal Care,24928677000,203.48,172.01
EQR,Real Estate Investment Trusts,23256500000,62.41,79.07
FE,Electric Utilities,22314847260,41.68,47.32
CDNS,Packaged Software,21676078680,79.67,68.36
CMG,Restaurants,24404362500,870.23,768.81
ROK,Electrical Products,21765646080,190.99,190.59
PPG,Industrial Specialties,20485194090,88.27,105.31
HLT,Hotels/Resorts/Cruiselines,19792209830,71.74,96.46
AWK,Water Utilities,21986689200,123.43,130.84
WLTW,Insurance Brokers/Services,23628205440,189.86,199.54
SQ,Information Technology Services,27994923769,66.69,80.67
ANSS,Packaged Software,22234543200,262.23,258.81
CERN,Information Technology Services,20409643940,68.47,72.55
BLL,Containers/Packaging,21550677750,66.26,75.17
PAYX,Data Processing Services,24094886550,67.68,82.08
RMD,Medical Specialties,22391713040,159.41,168.75
MCHP,Semiconductors,19646906760,83.47,95.22
VRSN,Internet Software/Services,24129164760,210.55,196.85
SPLK,Information Technology Services,21424756320,143.615,152.02
EIX,Electric Utilities,20479391130,56.39,70.44
TT,Industrial Conglomerates,20368390900,82.16,100.55
MPC,Oil Refining/Marketing,20494531530,31.14,47.73
ADM,Agricultural Commodities/Milling,19309040960,34.96,38.84
FLT,Miscellaneous Commercial Services,19798170750,236.07,282.04
WELL,Real Estate Investment Trusts,19838065920,48.2,75.26
FAST,Wholesale Distributors,20535561150,36.63,35.18
SPG,Real Estate Investment Trusts,41538150162,60.55,127.22
OTIS,Building Products,21450402870,48.09,0.0
DTE,Electric Utilities,19421067960,102.41,116.64
F,Motor Vehicles,19329143400,4.97,7.2
CTVA,Chemicals: Agricultural,19046773860,26.18,28.24
PPL,Electric Utilities,19173772800,25.34,31.81
PH,Industrial Machinery,20105496690,153.55,192.59
HSY,Food: Specialty/Candy,27301283231,131.36,152.36
ETR,Electric Utilities,19161862720,96.75,124.12
VFC,Apparel/Footwear,21993798400,55.66,74.65
AME,Electrical Products,18259567300,81.19,90.02
PANW,Computer Communications,19127388016,198.21,189.29
DLTR,Discount Stores,18461316420,76.55,84.56
ARE,Real Estate Investment Trusts,18876248100,152.95,155.58
FTV,Electronic Equipment/Instruments,20548216000,58.33,70.65
MKC,Food: Specialty/Candy,20917760560,160.21,152.47
CTAS,Other Consumer Services,21813042000,210.74,279.6
KHC,Food: Major Diversified,35347541900,28.94,26.07
LBRDK,Cable/Satellite TV,23050748160,126.94,128.56
O,Real Estate Investment Trusts,17379372780,52.05,74.99
KEYS,Electronic Equipment/Instruments,17519558550,96.02,97.42
SWK,Tools & Hardware,16007818250,107.12,142.42
TSN,Food: Meat/Fish/Dairy,16320948960,56.99,70.54
AEE,Electric Utilities,17626891280,72.15,84.42
BBY,Electronics/Appliance Stores,19147923080,74.75,79.61
MTD,Medical Specialties,16568233090,709.73,724.14
MRVL,Semiconductors,17041670000,26.27,21.96
TDG,Aerospace & Defense,18384381840,324.59,568.46
APTV,Auto Parts: OEM,16402925130,65.64,82.17
SWKS,Semiconductors,16891866060,104.71,104.27
FRC,Regional Banks,16957512000,99.76,105.68
GLW,Electronic Components,15476010000,20.67,24.67
NTRS,Regional Banks,15595577920,73.07,88.49
CPRT,Miscellaneous Commercial Services,18228990000,79.62,86.69
EFX,Miscellaneous Commercial Services,17201468350,146.62,150.87
INCY,Biotechnology,21909982480,98.82,79.06
BMRN,Biotechnology,16340431320,93.19,94.4
RSG,Environmental Services,24638611600,77.48,94.08
MKTX,Investment Banks/Brokers,17142318936,483.26,348.62
LH,Services to the Health Industry,15307815000,162.75,187.96
OKTA,Packaged Software,18991953219,158.73,133.43
RNG,Packaged Software,20601736828,234.17,239.89
CHD,Household/Personal Care,17687083490,73.43,74.96
ESS,Real Estate Investment Trusts,16034994490,244.52,293.44
LVS,Casinos/Gaming,34711528500,46.39,58.26
CAG,Food: Major Diversified,16278079920,33.39,28.24
WY,Real Estate Investment Trusts,13267542680,17.52,27.44
CMS,Electric Utilities,16240179540,57.16,64.14
IAC,Internet Software/Services,19033786420,229.11,210.16
DHI,Homebuilding,16770007940,47.42,54.83
TFX,Medical Specialties,15124466812,340.75,353.61
SGEN,Biotechnology,26962367520,165.43,111.88
CTXS,Packaged Software,18063350320,146.58,108.78
MTB,Regional Banks,13569132550,102.64,147.51
CDW,Information Technology Services,15390893020,109.99,119.98
K,Food: Major Diversified,21806911330,63.24,63.14
ALGN,Medical Specialties,16550416260,208.61,230.22
MXIM,Semiconductors,13760516250,52.73,57.81
AKAM,Internet Software/Services,15811200000,99.19,90.91
DAL,Airlines,14395958520,21.71,47.16
AMP,Investment Banks/Brokers,13902875140,110.73,150.86
FTNT,Computer Communications,18234835500,108.56,110.1
CAH,Medical Distributors,13719683680,47.45,54.02
VMC,Construction Materials,14810370150,108.04,125.84
DGX,Services to the Health Industry,14343443280,108.31,112.11
LYB,Chemicals: Specialty,18132138300,54.85,74.52
TRU,Information Technology Services,14512108000,79.0,92.65
CBRE,Real Estate Development,13242721050,39.59,58.19
ALNY,Biotechnology,15449027360,141.23,114.78
LEN,Homebuilding,15430950220,51.11,62.62
PXD,Oil & Gas Production,13693520780,82.48,124.32
AMCR,Containers/Packaging,13939194500,8.58,9.79
OXY,Oil & Gas Production,13968279360,15.32,32.95
AJG,Insurance Brokers/Services,15194544000,83.13,103.51
HIG,Multi-Line Insurance,12672274250,35.16,53.12
SNAP,Internet Software/Services,24716887200,17.51,14.39
DFS,Regional Banks,12671672370,41.1,67.88
LUV,Airlines,14024898160,26.42,46.95
COO,Medical Specialties,15310624536,290.88,335.45
KKR,Investment Managers,20591331687,24.6,29.99
CARR,Industrial Machinery,14205007600,15.97,0.0
ODFL,Trucking,17701176220,153.64,133.39
FITB,Regional Banks,12547437840,17.37,25.72
IFF,Household/Personal Care,13659975800,128.9,122.56
WDC,Computer Peripherals,11858632440,40.335,60.04
BXP,Real Estate Investment Trusts,13927096050,87.43,134.54
EVRG,Electric Utilities,12835812430,57.29,69.39
DPZ,Restaurants,14048445543,371.46,347.52
IP,Containers/Packaging,13128792470,33.1,38.23
LDOS,Information Technology Services,14030086770,98.44,110.06
DOV,Oilfield Services/Equipment,13047356080,91.89,107.4
WST,Medical Specialties,13860766304,194.8,156.49
TTWO,Recreational Products,14167791840,125.28,112.06
TWLO,Packaged Software,15857371455,116.57,111.48
ABC,Medical Distributors,17793186640,87.97,87.16
PEAK,Real Estate Investment Trusts,12706532160,25.2,32.83
TIF,Specialty Stores,15418038450,127.46,133.67
PAYC,Packaged Software,14250300772,256.98,291.96
HPE,Computer Processing Hardware,12084629200,9.41,12.89
KSU,Railroads,11775853386,125.4,155.06
HRL,Food: Meat/Fish/Dairy,24985072960,46.29,43.19
ZBRA,Computer Peripherals,12145765332,233.15,221.71
ULTA,Specialty Stores,12133571060,218.21,260.99
FCX,Other Metals/Minerals,12632052000,8.8,10.5
BR,Miscellaneous Commercial Services,13070321550,115.35,106.25
OMC,Advertising/Marketing Services,11629138410,54.22,70.36
XYL,Industrial Machinery,12333241800,65.05,82.29
BURL,Apparel/Footwear Retail,11726334150,178.82,218.41
WAT,Medical Specialties,11170186741,181.89,202.7
SJM,Food: Specialty/Candy,13113229620,116.02,106.74
KMX,Specialty Stores,11653376000,72.97,89.74
NDAQ,Investment Banks/Brokers,17512723560,108.83,110.12
INVH,Real Estate Investment Trusts,12392449930,23.51,29.85
HOLX,Medical Specialties,12892225580,50.28,48.82
DRE,Real Estate Investment Trusts,12195969150,32.92,33.9
NUE,Steel,12364603100,40.75,42.7
MAA,Real Estate Investment Trusts,12605084000,112.41,135.4
DOCU,Packaged Software,19609239160,109.35,87.96
OKE,Oil & Gas Pipelines,12081945330,29.93,69.13
TDOC,Hospital/Nursing Management,12977210190,169.59,124.49
ATO,Gas Distributors,12322430250,101.77,107.89
MKL,Specialty Insurance,11334592346,828.36,1262.7
KEY,Major Banks,10309086200,10.63,16.97
GWW,Wholesale Distributors,14549684948,279.21,288.88
TYL,Data Processing Services,12514565984,322.56,331.66
FMC,Chemicals: Agricultural,11603091240,89.5,96.91
STE,Medical Specialties,11834806020,141.66,163.4
JKHY,Information Technology Services,12430941600,176.2,158.73
HES,Oil & Gas Production,14217695760,46.14,57.19
TDY,Aerospace & Defense,11657191620,319.17,345.9
EXPD,Air Freight/Couriers,11997774380,72.9,71.94
VTR,Real Estate Investment Trusts,11232957040,29.89,52.36
EPAM,Information Technology Services,12020108466,221.89,229.87
SSNC,Information Technology Services,14131896210,56.56,57.63
MLM,Construction Materials,11847696405,181.51,236.9
IEX,Industrial Machinery,11356281897,151.78,153.04
NLOK,Packaged Software,12668102400,21.53,19.93
STX,Computer Peripherals,11917665000,46.75,50.37
ANET,Computer Communications,15963985700,220.44,196.59
SUI,Real Estate Investment Trusts,12296120940,131.78,160.18
GRMN,Telecommunications Equipment,15227954960,80.76,93.47
MAS,Building Products,10507999200,40.82,43.35
TSCO,Specialty Stores,11885601000,105.1,91.48
SYF,Finance/Rental/Leasing,10757738440,18.0,30.39
PODD,Medical Specialties,12163257620,201.26,181.51
EXR,Real Estate Investment Trusts,11551221763,85.9,105.4
GDDY,Internet Software/Services,11118215146,68.62,70.01
WPC,Real Estate Investment Trusts,10516583000,60.77,81.27
GPC,Wholesale Distributors,10995240660,75.0,89.04
LNT,Electric Utilities,11648092500,48.02,55.36
CXO,Oil & Gas Production,11353928040,58.12,69.06
QRVO,Semiconductors,10890585900,97.71,100.44
TTD,Advertising/Marketing Services,13371567358,303.64,288.11
UDR,Real Estate Investment Trusts,17496581900,36.6,47.08
TER,Electronic Production Equipment,9760306700,59.44,60.49
RF,Major Banks,9723120000,9.98,14.51
EXAS,Biotechnology,11580740520,77.95,77.43
J,Engineering & Construction,10781041500,81.54,96.89
CBOE,Investment Banks/Brokers,10363054000,98.94,118.18
NVR,Homebuilding,11251336889,3100.0,3788.31
ELS,Real Estate Investment Trusts,10982378700,61.19,71.61
ROKU,Electronics/Appliances,15781440863,123.49,114.67
BKI,Packaged Software,10434432000,72.51,69.17
CTL,Specialty Telecommunications,11011937000,10.01,12.59
WAB,Trucks/Construction/Farm Machinery,10004658300,55.14,68.37
CE,Chemicals: Major Diversified,9202945360,78.01,96.37
IT,Miscellaneous Commercial Services,10370982720,115.99,129.8
CINF,Property/Casualty Insurance,9672240300,59.0,101.36
LNG,Oil & Gas Pipelines,10911234240,42.13,52.08
AMTD,Investment Banks/Brokers,20139100750,36.06,43.67
MASI,Medical Specialties,12215469242,234.0,178.06
FDS,Data Processing Services,10188704160,272.72,281.27
COUP,Packaged Software,11809433889,189.73,158.53
VMW,Information Technology Services,52811362680,126.78,121.74
NTAP,Computer Peripherals,8990845050,41.2,47.57
CFG,Regional Banks,9043644400,21.18,33.32
VIAC,Broadcasting,9901252060,15.26,24.31
SIVB,Regional Banks,9389256205,180.84,216.75
CABO,Cable/Satellite TV,10724356250,1919.53,1625.28
VAR,Medical Specialties,10369470420,115.03,126.55
CTLT,Pharmaceuticals: Other,10391946240,67.89,53.34
ACGL,Multi-Line Insurance,9714803000,23.74,42.49
FICO,Packaged Software,10030280405,353.41,387.06
HBAN,Regional Banks,8549874600,8.28,12.94
BAH,Miscellaneous Commercial Services,10203445550,73.73,74.05
MRNA,Biotechnology,16614651500,49.34,29.88
EXPE,Other Consumer Services,9448576913,64.08,96.73
DRI,Restaurants,9172054980,68.99,98.8
IR,Industrial Machinery,11374342490,27.59,32.8
MOH,Managed Health Care,10555952000,181.08,127.32
FOXA,Broadcasting,15170825000,24.1,32.11
PKI,Medical Specialties,9683448000,90.41,86.79
XRAY,Medical Specialties,8673429600,40.67,49.65
ALLE,Building Products,8738786152,96.74,120.86
URI,Finance/Rental/Leasing,8411779125,113.87,135.8
CGNX,Electronic Equipment/Instruments,9204363490,54.41,46.35
ELAN,Agricultural Commodities/Milling,9559212030,24.15,27.78
NI,Gas Distributors,9337465200,24.53,28.56
L,Property/Casualty Insurance,8992431120,30.79,48.69
BKR,Oilfield Services/Equipment,14417528950,13.6,17.17
AES,Electric Utilities,8515678080,13.05,18.22
HAL,Oilfield Services/Equipment,8799098340,9.86,17.22
CHRW,Air Freight/Couriers,9185919600,71.13,70.09
AVY,Containers/Packaging,8906008320,106.49,120.01
ETFC,Investment Banks/Brokers,8657823440,39.05,47.03
PFG,Investment Managers,9577163960,34.86,47.08
LW,Food: Specialty/Candy,8426450300,58.97,86.65
NLY,Real Estate Investment Trusts,8754170400,6.28,9.44
BIO,Medical Specialties,12988647000,443.0,368.95
JBHT,Trucking,10586175180,101.04,96.56
PKG,Containers/Packaging,9084733000,93.48,94.8
HAS,Recreational Products,9463073490,67.21,79.29
NBIX,Biotechnology,9220377020,101.78,96.31
WTRG,Water Utilities,10097622180,41.97,45.44
UHS,Hospital/Nursing Management,8426384416,101.9,131.82
MGM,Casinos/Gaming,7288830900,14.27,25.05
HST,Real Estate Investment Trusts,7842349020,10.97,14.97
MPW,Real Estate Investment Trusts,8671111540,16.76,22.28
VST,Electric Utilities,9265479160,18.72,20.14
POOL,Wholesale Distributors,8578544755,221.86,210.92
PNW,Electric Utilities,8284814850,74.64,94.91
NRG,Electric Utilities,8255358900,32.89,34.17
AAP,Specialty Stores,8298279790,121.19,132.99
CNP,Electric Utilities,8222781400,16.39,23.75
MYL,Pharmaceuticals: Generic,8539914880,16.57,17.48
WRK,Containers/Packaging,7833801360,25.06,34.19
RJF,Investment Banks/Brokers,8708035680,62.77,87.14
TRMB,Electronic Equipment/Instruments,8018798190,32.83,41.0
RPM,Industrial Specialties,8387132070,66.69,66.02
COG,Integrated Oil,8075129500,20.39,14.55
WRB,Property/Casualty Insurance,9596550880,51.75,70.2
EMN,Chemicals: Major Diversified,8241971100,60.11,62.93
NDSN,Industrial Machinery,9079077360,157.87,147.91
WYNN,Casinos/Gaming,8677980600,79.67,107.94
HSIC,Medical Distributors,7493262440,53.7,62.92
CPT,Real Estate Investment Trusts,8554197456,86.01,110.29
APO,Investment Managers,25444145332,40.9,43.39
CCK,Containers/Packaging,8442775750,62.53,74.21
GL,Life/Health Insurance,8437108320,77.54,96.14
FFIV,Computer Communications,8209166600,136.52,120.04
TAP,Beverages: Alcoholic,8269382667,37.44,51.48
ZEN,Data Processing Services,8335838940,75.33,78.47
BRO,Insurance Brokers/Services,10080680280,36.56,45.44
WU,Finance/Rental/Leasing,7744918350,19.36,23.49
CPB,Food: Major Diversified,15322611100,50.88,47.98
RGLD,Precious Metals,8210395330,128.44,100.05
MPWR,Semiconductors,8485565550,196.94,164.12
VICI,Real Estate Development,7675962840,16.43,24.66
Y,Property/Casualty Insurance,7171208950,501.04,719.72
EQH,Financial Conglomerates,7677985440,16.72,21.87
RCL,Hotels/Resorts/Cruiselines,8651170290,37.2,80.56
TECH,Biotechnology,9075233760,246.06,197.64
SIRI,Broadcasting,25179940000,5.74,6.55
HII,Aerospace & Defense,7329505520,182.67,209.64
W,Internet Retail,12655027429,165.88,61.77
ETSY,Miscellaneous Commercial Services,14388952109,72.79,58.84
ATUS,Cable/Satellite TV,14498425941,23.53,26.21
CONE,Real Estate Investment Trusts,8156160000,71.15,63.26
SRPT,Biotechnology,9225857404,119.44,119.86
GGG,Industrial Machinery,7393619240,44.58,51.7
PHM,Homebuilding,7312423230,27.8,41.55
FNF,Specialty Insurance,6958118120,25.05,40.81
HRC,Medical Specialties,7042903010,105.79,100.56
JNPR,Information Technology Services,7136618720,22.14,21.88
WHR,Electronics/Appliances,6590531862,109.26,133.87
UAL,Airlines,7237166820,24.12,61.26
CCL,Hotels/Resorts/Cruiselines,7566630060,13.09,33.06
DISCK,Cable/Satellite TV,10387184680,19.36,25.17
RE,Property/Casualty Insurance,7414969338,167.71,258.16
LKQ,Automotive Aftermarket,7483076660,24.98,29.9
ABMD,Medical Specialties,8146574700,186.22,155.1
EXEL,Biotechnology,7835936790,25.29,19.29
GWRE,Information Technology Services,7357790220,91.68,111.94
ENTG,Semiconductors,7048022520,51.93,55.16
PTC,Packaged Software,7760041860,70.32,74.68
SNA,Tools & Hardware,6598599880,121.67,148.71
LBTYK,Cable/Satellite TV,13499769360,20.61,19.03
REG,Real Estate Investment Trusts,6761291237,40.32,60.29
CIEN,Telecommunications Equipment,7188545490,47.3,39.66
PRGO,Pharmaceuticals: Other,6979231290,51.94,54.06
IONS,Biotechnology,8029953200,57.73,52.3
LNC,Life/Health Insurance,6336450360,32.47,48.28
DVA,Medical/Nursing Services,9150066720,78.87,82.23
BFAM,Miscellaneous Commercial Services,6694979726,121.15,159.37
FBHS,Building Products,7140373660,53.07,63.67
IRM,Real Estate Investment Trusts,6597957480,22.54,31.7
CRL,Miscellaneous Commercial Services,6846222080,141.04,164.3
TTC,Trucks/Construction/Farm Machinery,6542835640,62.59,75.07
CSL,Miscellaneous Manufacturing,6240851085,114.58,150.49
PFPT,Data Processing Services,6768388293,121.86,113.29
KDP,Beverages: Non-Alcoholic,36614043000,26.26,28.26
ARMK,Restaurants,6445447400,25.23,34.42
AZPN,Packaged Software,6757923120,102.32,109.03
HUBS,Information Technology Services,6964203444,171.42,180.61
AGNC,Real Estate Investment Trusts,7045157000,12.78,18.15
FANG,Oil & Gas Production,6710336320,40.33,62.14
VNO,Real Estate Investment Trusts,7628871680,38.85,55.58
SCI,Other Consumer Services,6480878720,37.26,50.43
FWONK,Movies/Entertainment,19006902540,31.4,37.8
CHE,Medical/Nursing Services,6603376000,425.0,450.06
ZNGA,Internet Software/Services,7139572020,7.62,6.97
MTN,Hotels/Resorts/Cruiselines,6840457650,165.11,209.94
IPG,Advertising/Marketing Services,6183174180,15.79,21.79
ON,Semiconductors,6088536370,15.15,18.93
ALLY,Regional Banks,5668239640,14.94,25.62
CBSH,Regional Banks,6561559140,58.07,63.43
WBC,Auto Parts: OEM,6914642004,134.16,135.73
HZNP,Pharmaceuticals: Other,6902662800,37.38,35.2
ALB,Chemicals: Specialty,6087825940,58.47,84.3
EHC,Hospital/Nursing Management,6364677780,66.03,76.54
ATR,Containers/Packaging,6947573941,105.56,103.58
LII,Building Products,7117038976,190.73,240.08
LYFT,Packaged Software,8292766942,26.68,36.91
RGA,Life/Health Insurance,6223386920,100.0,129.97
TXT,Aerospace & Defense,5836817800,25.3,41.77
OLED,Electronic Components,6941850331,147.01,159.27
AIZ,Multi-Line Insurance,5982380000,102.09,127.89
HUBB,Electrical Products,6504132000,121.58,140.09
LYV,Movies/Entertainment,9002694430,40.25,57.96
CACI,Information Technology Services,6379947816,251.71,251.13
UGI,Gas Distributors,6102114480,29.52,37.56
DELL,Computer Processing Hardware,29985672322,40.19,42.39
RNR,Property/Casualty Insurance,6262864580,144.49,181.67
SEIC,Investment Managers,7392162040,49.62,57.29
DISH,Cable/Satellite TV,12344008509,24.31,34.33
LITE,Electrical Products,5851998000,82.04,82.24
GNRC,Electrical Products,5917514949,99.42,108.91
OGE,Electric Utilities,6097147740,30.32,39.48
POST,Food: Specialty/Candy,6113340915,87.59,103.17
RS,Steel,5561586990,87.08,105.77
UBER,Packaged Software,47362566000,28.07,32.85
CF,Chemicals: Agricultural,5618585160,27.31,38.22
VOYA,Life/Health Insurance,5566520300,43.78,55.79
AMED,Medical/Nursing Services,5648293647,177.64,176.42
OHI,Real Estate Investment Trusts,6176272440,27.09,39.39
AOS,Building Products,5707600800,42.16,41.0
GLIBA,Specialty Telecommunications,6634224300,62.85,71.13
JAZZ,Pharmaceuticals: Other,6017879310,110.41,125.11
XPO,Trucking,5811632603,68.91,75.99
PRAH,Miscellaneous Commercial Services,5512530648,87.06,99.81
GNTX,Auto Parts: OEM,5955235740,24.56,27.57
SBNY,Regional Banks,5624179264,100.76,131.55
ST,Electronic Equipment/Instruments,5225636500,34.34,41.19
BWA,Auto Parts: OEM,5585142080,26.96,32.33
KRC,Real Estate Investment Trusts,6850015790,59.75,76.11
FLIR,Aerospace & Defense,5614882560,41.42,43.65
PNR,Miscellaneous Manufacturing,5714198000,34.15,41.08
AMH,Real Estate Investment Trusts,7104864631,24.65,27.38
PEN,Medical Specialties,6006217000,176.43,172.27
HAE,Medical Specialties,5535797880,106.38,110.64
ZION,Regional Banks,5025340840,30.18,41.3
ROL,Other Consumer Services,13333561560,41.44,39.11
ACAD,Biotechnology,7261563990,47.38,43.76
CDAY,Miscellaneous Commercial Services,8363139540,60.06,74.21
NUAN,Packaged Software,5493684960,19.59,22.38
BG,Agricultural Commodities/Milling,5357482740,37.94,49.03
GLPI,Real Estate Investment Trusts,5509171980,25.7,45.66
SEDG,Electrical Products,5314036860,107.86,128.7
CASY,Specialty Stores,5634633160,153.64,163.77
PBCT,Major Banks,5027998080,11.61,14.89
VER,Real Estate Investment Trusts,5561344800,5.27,8.89
TREX,Forest Products,5815411415,109.21,103.58
AVLR,Packaged Software,6950807750,90.36,84.99
FIVN,Information Technology Services,5943697080,96.02,72.88
FRT,Real Estate Investment Trusts,5678423547,77.24,119.93
WEX,Data Processing Services,5455447731,128.01,193.42
COLD,Real Estate Investment Trusts,5809774680,29.4,32.5
AIV,Real Estate Investment Trusts,5422541300,36.59,49.49
CMA,Major Banks,4469975250,31.57,55.02
JLL,Real Estate Development,5216999295,102.41,149.65
DCI,Industrial Specialties,5406783150,43.21,46.25
MKSI,Electronic Equipment/Instruments,5031121990,95.17,100.78
NNN,Real Estate Investment Trusts,5198441490,30.52,52.4
PB,Regional Banks,5399758560,58.17,68.02
MHK,Home Furnishings,6049928160,82.43,120.86
RHI,Personnel Services,5072699610,44.36,51.07
STLD,Steel,5172353280,24.15,27.29
NWL,Industrial Conglomerates,5254599000,11.93,16.45
Z,Information Technology Services,9068205176,43.6,54.4
ACM,Engineering & Construction,5456631200,35.3,45.65
LEA,Auto Parts: OEM,5423003707,90.15,114.07
RGEN,Pharmaceuticals: Major,5934450960,114.52,88.49
AYX,Packaged Software,7296952535,116.06,145.17
LSXMK,Movies/Entertainment,19645840200,32.6,45.16
CZR,Casinos/Gaming,6491036630,9.4,12.4
HWM,Aluminum,5211430850,12.21,24.36
G,Miscellaneous Commercial Services,6544816410,34.34,40.15
BERY,Containers/Packaging,5526376000,41.96,38.34
NYCB,Savings Banks,4880838160,10.5,11.2
IMMU,Biotechnology,7314690240,32.4,16.59
WSO,Building Products,6023092369,163.02,164.3
PLNT,Other Consumer Services,4964503013,57.08,68.48
INGR,Agricultural Commodities/Milling,5283343590,82.25,85.6
RP,Information Technology Services,5897230920,63.25,62.18
BWXT,Electric Utilities,4862392740,54.15,55.47
MDB,Packaged Software,9207701374,167.82,155.64
AFG,Property/Casualty Insurance,5540582620,61.12,97.4
IAA,Specialty Stores,4950459360,37.69,43.62
EEFT,Data Processing Services,4681233224,88.83,127.15
LPLA,Investment Banks/Brokers,4883572260,62.17,82.5
PWR,Engineering & Construction,4781702216,34.97,38.83
WSM,Specialty Stores,4834337235,65.01,64.6
OSK,Trucks/Construction/Farm Machinery,4256460871,63.65,76.47
FAF,Specialty Insurance,5025087100,45.57,61.4
ARW,Electronics Distributors,4801095834,61.39,68.81
DNKN,Restaurants,5123074634,62.02,70.65
LECO,Industrial Machinery,4540730020,77.3,85.11
EWBC,Regional Banks,4791316180,33.27,40.43
DEI,Real Estate Investment Trusts,5837761250,28.21,39.21
LAMR,Real Estate Investment Trusts,5608741743,54.34,84.88
DVN,Oil & Gas Production,4370925060,11.18,16.31
HDS,Wholesale Distributors,4657097500,28.82,39.54
BEN,Investment Managers,9078958980,17.96,23.35
HTA,Real Estate Investment Trusts,10330079331,23.87,31.74
DXC,Data Processing Services,4209231390,16.53,23.73
MRCY,Electronic Equipment/Instruments,4685040920,87.12,77.2
SON,Containers/Packaging,4787125980,47.09,50.7
MDU,Gas Distributors,4245050740,21.34,29.16
ALV,Auto Parts: OEM,4914127596,57.37,67.37
QDEL,Medical Specialties,5836885050,141.19,80.73
HFC,Oil Refining/Marketing,5266086520,31.34,34.04
FIVE,Discount Stores,4896956210,89.33,98.08
CACC,Finance/Rental/Leasing,5551301840,305.98,397.77
FR,Real Estate Investment Trusts,4550230160,35.93,40.13
COR,Real Estate Investment Trusts,4633690650,120.16,109.52
CHGG,Miscellaneous Commercial Services,5410473450,57.92,40.75
TCF,Major Banks,4040538300,26.47,37.88
NLSN,Advertising/Marketing Services,5044135400,13.52,18.12
TECD,Electronics Distributors,4947850620,138.4,143.4
AAL,Airlines,4152828900,9.51,18.86
NOV,Oilfield Services/Equipment,4786789590,12.31,19.82
TPR,Apparel/Footwear Retail,4076948330,14.77,23.69
FCN,Miscellaneous Commercial Services,4711484100,125.46,115.42
ITT,Industrial Machinery,4181140000,48.11,61.2
NYT,Publishing: Newspapers,5371978670,33.36,37.27
APA,Oil & Gas Production,4551661080,11.78,25.52
IDA,Electric Utilities,4512596816,90.91,102.17
CRUS,Semiconductors,4225327167,72.74,71.15
ACC,Real Estate Investment Trusts,4454241480,31.92,44.02
LEG,Home Furnishings,4504400940,30.34,40.25
USFD,Food Distributors,4392403140,18.84,34.78
CUBE,Real Estate Investment Trusts,4734649200,24.34,31.78
NBL,Oil & Gas Production,4433265600,8.82,15.8
CDK,Miscellaneous Commercial Services,4683516600,39.285,45.65
ALSN,Trucks/Construction/Farm Machinery,4122985370,35.47,41.5
SMG,Chemicals: Agricultural,7039565520,130.43,114.85
CREE,Electronic Components,4337216000,40.58,46.68
OC,Home Furnishings,4370795730,42.15,58.42
IPGP,Semiconductors,6327617940,144.1,130.35
MRO,Oil & Gas Production,4592328580,5.53,8.34
REXR,Real Estate Investment Trusts,4505499630,39.19,47.99
UTHR,Pharmaceuticals: Other,4925416493,111.56,103.83
CW,Aerospace & Defense,4109751300,97.27,126.31
SEE,Containers/Packaging,4235454180,29.22,31.44
MAN,Personnel Services,4079364080,69.46,76.54
SMAR,Packaged Software,6361130490,54.57,47.18
GBT,Biotechnology,4733142120,79.32,66.21
NATI,Packaged Software,4675941840,37.21,40.31
SERV,Other Consumer Services,4416782040,33.14,37.89
MANH,Packaged Software,4492955732,70.02,68.33
SAIC,Information Technology Services,4608668192,80.75,82.64
IPHI,Semiconductors,4254282142,94.45,76.13
KIM,Real Estate Investment Trusts,4498104000,10.38,17.82
KNX,Trucking,6425983750,38.07,33.24
LSTR,Trucking,3870432335,103.18,105.1
EQC,Real Estate Investment Trusts,4118951700,33.87,32.14
CFR,Regional Banks,4206090616,66.44,81.82
SLG,Real Estate Investment Trusts,3737417286,47.47,81.37
FLO,Food: Specialty/Candy,4633229700,22.01,22.43
PRI,Life/Health Insurance,4143961980,102.08,116.23
CUZ,Real Estate Investment Trusts,4269039600,28.36,37.19
ORI,Property/Casualty Insurance,4622775300,14.92,21.13
AAXN,Aerospace & Defense,4008208000,65.85,82.34
LOGM,Internet Software/Services,4160636948,85.21,85.06
ICUI,Medical Specialties,4439605400,217.8,200.77
TTEK,Environmental Services,3824507619,71.68,86.13
SLAB,Semiconductors,3927925143,96.98,91.79
FOX,Broadcasting,14946296790,23.85,31.79
LOPE,Miscellaneous Commercial Services,4006017111,87.33,79.73
BPOP,Regional Banks,3327637760,36.27,49.99
KMPR,Multi-Line Insurance,4309133920,64.8,74.23
SRCL,Environmental Services,4217795820,47.98,63.6
RL,Apparel/Footwear Retail,5301260566,72.32,107.61
TNDM,Medical Specialties,4936259390,84.79,78.76
SWX,Gas Distributors,4020858100,73.47,68.47
THG,Property/Casualty Insurance,3578262243,94.09,124.46
OGS,Gas Distributors,4221318160,80.03,86.59
MTCH,Internet Software/Services,21925950584,80.1,68.14
ZM,Packaged Software,40020016327,144.82,113.11
HE,Electric Utilities,4182436400,38.05,45.09
DBX,Data Processing Services,8703371081,20.035,19.29
HELE,Electronics/Appliances,4182376216,163.59,171.25
DECK,Apparel/Footwear,3925317000,143.6,178.94
ZS,Packaged Software,8935636160,71.23,52.78
STOR,Real Estate Investment Trusts,4460766660,18.26,33.75
AWI,Building Products,3539486600,74.54,103.97
MMS,Miscellaneous Commercial Services,4222795720,65.92,66.43
RETA,Pharmaceuticals: Major,4289225076,157.57,207.94
GRUB,Specialty Stores,4286089710,47.79,48.55
BRKR,Medical Specialties,5585160220,37.45,45.6
PII,Recreational Products,4141677666,69.1,85.07
HIW,Real Estate Investment Trusts,3761712060,35.89,47.18
MOS,Chemicals: Agricultural,4161639600,11.78,17.66
HR,Real Estate Investment Trusts,3787176330,28.56,35.28
POR,Electric Utilities,4078899504,45.52,57.34
BC,Recreational Products,3498806040,45.59,54.03
ALK,Airlines,3526770450,28.97,50.03
CVNA,Specialty Stores,13212513438,86.0,82.36
JBL,Electronic Components,3936728040,26.25,33.72
AXTA,Industrial Specialties,4500370760,19.3,25.23
SAM,Beverages: Alcoholic,5719530935,485.5,363.8
HQY,Investment Managers,3669252840,55.0,71.53
SKX,Apparel/Footwear,4143483115,26.75,33.83
EV,Investment Managers,3998537159,35.29,43.55
XLRN,Biotechnology,5191740700,99.22,90.35
LSI,Real Estate Investment Trusts,3947741340,85.1,112.71
BKH,Electric Utilities,3760039920,60.05,76.43
STAG,Real Estate Investment Trusts,3786805124,25.21,28.8
LM,Investment Managers,4385686800,49.83,49.98
JBGS,Real Estate Investment Trusts,4861188370,32.59,37.99
FLS,Industrial Machinery,3498738570,27.24,41.65
EGP,Real Estate Investment Trusts,3960958100,104.86,129.52
TW,Internet Software/Services,12075353658,54.05,50.26
GPK,Containers/Packaging,3605982470,12.73,13.86
EVBG,Packaged Software,3783568310,112.86,111.86
PVH,Apparel/Footwear,3149349462,44.27,74.59
CRI,Apparel/Footwear Retail,3295683270,73.96,95.01
DISCA,Cable/Satellite TV,11392564140,21.245,26.4
NWSA,Publishing: Newspapers,5670884240,9.55,12.43
THO,Recreational Products,3370450940,64.89,77.55
DLB,Movies/Entertainment,5908999650,55.15,68.43
CHDN,Casinos/Gaming,3713960046,97.84,128.47
FFIN,Regional Banks,3930551170,27.2,30.51
IOVA,Biotechnology,4090815750,32.66,35.99
EME,Engineering & Construction,3262257924,60.05,79.56
UNM,Life/Health Insurance,3456525000,15.18,25.04
FTI,Oilfield Services/Equipment,3561678120,7.76,15.08
PCTY,Packaged Software,5841236640,112.77,133.22
CCMP,Semiconductors,3514546750,121.61,145.35
LFUS,Electrical Products,3405549504,140.14,163.17
SR,Gas Distributors,3642680440,72.57,79.52
WEN,Restaurants,4291477360,18.81,19.62
QTS,Real Estate Investment Trusts,3906374372,65.85,57.7
NFG,Integrated Oil,3369819730,39.71,38.46
ENPH,Semiconductors,5446966980,44.37,51.4
MNTA,Biotechnology,3722097960,33.58,31.35
TRNO,Real Estate Investment Trusts,3555970400,53.62,57.59
PFGC,Food Distributors,3569038140,24.3,43.21
JCOM,Internet Software/Services,3691373250,78.04,89.41
HLF,Medical Distributors,5187259120,33.81,34.31
QTWO,Information Technology Services,3749005740,79.74,77.94
HPP,Real Estate Investment Trusts,3549265400,22.98,33.06
EXPO,Engineering & Construction,3391781590,65.96,74.93
SITE,Wholesale Distributors,3539884544,92.06,99.49
ARWR,Biotechnology,3472500640,35.4,35.5
QLYS,Packaged Software,3949271160,102.58,82.03
HBI,Apparel/Footwear,3309812850,10.05,13.36
HEI,Aerospace & Defense,11105327730,82.38,112.7
XRX,Computer Peripherals,3579817420,17.03,33.51
BLD,Building Products,2982102030,98.08,105.74
JEF,Investment Banks/Brokers,3551244300,13.38,20.59
ERIE,Property/Casualty Insurance,8157439290,180.26,151.22
WH,Hotels/Resorts/Cruiselines,3335092740,38.5,52.96
HOG,Motor Vehicles,3110171850,20.53,31.06
LHCG,Medical/Nursing Services,3837383128,123.9,125.29
HUN,Chemicals: Major Diversified,3382197010,15.36,19.3
STWD,Real Estate Investment Trusts,3732374300,13.53,23.57
SNX,Electronics Distributors,4433113120,87.42,129.81
MSA,Other Consumer Specialties,4380393875,114.8,127.42
SLM,Finance/Rental/Leasing,3034526640,8.06,10.96
NVRO,Medical Specialties,3793044510,118.49,133.71
ASH,Chemicals: Specialty,3564212520,59.74,73.05
NEOG,Medical Specialties,3257201160,62.58,62.72
IART,Medical Specialties,4301461760,51.89,52.56
EQT,Oil & Gas Production,3780719200,14.33,6.08
DAR,Agricultural Commodities/Milling,3269297270,20.51,26.36
WAL,Regional Banks,3379517010,32.5,47.49
FSLR,Electronic Components,4595365600,43.1,44.95
ATH,Specialty Insurance,5709618401,24.29,42.25
UBSI,Regional Banks,2898116760,27.49,30.62
GMED,Medical Specialties,4427236781,47.86,47.1
CCOI,Specialty Telecommunications,3928816200,84.83,79.15
BRX,Real Estate Investment Trusts,3227513280,10.94,18.65
NCLH,Hotels/Resorts/Cruiselines,3097741000,11.18,35.59
HALO,Biotechnology,3292945650,23.87,20.55
STRA,Other Consumer Services,3318861240,157.3,149.18
PLAN,Packaged Software,5405969080,39.6,45.56
QRTEA,Internet Retail,3333904000,8.08,6.5
RXN,Industrial Machinery,3108565680,26.26,30.04
OLLI,Department Stores,4280745350,66.16,52.27
RYN,Real Estate Investment Trusts,3008285580,23.66,27.0
TOL,Homebuilding,3116339880,24.97,38.7
VLY,Regional Banks,3153240640,7.635,9.72
AYI,Electrical Products,3256904560,83.7,102.59
ENV,Packaged Software,3253999320,61.92,75.47
SYNH,Services to the Health Industry,5567833050,53.88,67.62
LBTYA,Cable/Satellite TV,14252568120,21.61,19.92
CBU,Regional Banks,3129474960,60.53,65.32
WMGI,Medical Specialties,3834911860,29.65,30.41
WWD,Industrial Machinery,3465431200,54.76,106.15
NXST,Broadcasting,2917193905,65.26,115.38
NKTR,Pharmaceuticals: Major,3392819980,19.48,20.1
HRB,Other Consumer Services,3175837500,15.86,21.5
SNV,Regional Banks,2862870480,19.21,30.06
CVBF,Regional Banks,2677697360,19.6,19.63
ROLL,Metal Fabrication,2902386400,120.77,170.73
AGCO,Trucks/Construction/Farm Machinery,3725680560,49.04,63.6
AXS,Multi-Line Insurance,2984992180,35.85,58.68
BJ,Specialty Stores,3691821000,26.57,21.06
VVV,Chemicals: Major Diversified,3143312640,16.65,19.48
GBCI,Regional Banks,3598801076,37.83,39.42
IVZ,Investment Managers,3712468640,7.86,14.78
PNM,Electric Utilities,3091356216,38.89,49.54
RLI,Property/Casualty Insurance,3291037002,72.8,84.03
SF,Investment Banks/Brokers,2858677608,41.51,57.97
ORA,Alternative Power Generation,3125426268,62.35,72.24
AMG,Investment Managers,3151615952,64.91,78.36
COHR,Semiconductors,2892064890,127.84,129.21
FCNCA,Regional Banks,3912667869,358.01,471.55
NWE,Electric Utilities,2842357921,57.16,74.33
RARE,Biotechnology,3860709800,64.68,57.07
MIDD,Industrial Machinery,2922580400,53.98,111.99
FTDR,Homebuilding,3284698110,39.67,44.92
PTCT,Biotechnology,3030594280,49.3,54.93
FCFS,Finance/Rental/Leasing,2876799510,69.63,80.52
BPMC,Biotechnology,3149971692,59.74,57.09
FOLD,Biotechnology,2992289440,12.11,9.32
WING,Restaurants,3554989110,120.94,84.8
IBKR,Investment Banks/Brokers,19977640469,40.26,54.23
BCPC,Chemicals: Specialty,2769864357,86.0,96.87
KEX,Marine Shipping,2991450420,47.78,64.86
RDN,Specialty Insurance,2696820880,14.02,22.73
PNFP,Regional Banks,2865240000,37.17,55.09
NEU,Chemicals: Specialty,4533872376,417.88,399.94
NVT,Electronic Components,2941802000,17.45,25.11
RBC,Industrial Machinery,2744686560,72.48,80.9
MORN,Investment Managers,6377677320,146.79,149.44
ACIW,Packaged Software,3080276460,27.09,29.24
NJR,Gas Distributors,3148108740,34.04,37.62
NUVA,Medical Specialties,2917332823,58.47,65.63
VAC,Other Consumer Services,3225132470,77.03,100.22
AGO,Specialty Insurance,2657376000,28.8,42.53
TXRH,Restaurants,3212528232,43.66,59.23
AVT,Electronics Distributors,2849829762,28.37,31.52
PRSP,Packaged Software,3389297280,21.46,25.45
KSS,Department Stores,2727689790,17.08,38.44
NOVT,Electronic Equipment/Instruments,2839621785,82.89,92.54
SIGI,Property/Casualty Insurance,2865386920,48.87,57.95
PSTG,Computer Peripherals,3436663230,13.17,15.76
OMCL,Information Technology Services,3051509630,72.31,83.2
EBS,Biotechnology,4157850000,79.51,58.79
AVA,Electric Utilities,2777772480,41.44,49.62
LAZ,Investment Banks/Brokers,2624508740,24.82,37.95
SRC,Real Estate Investment Trusts,2840169780,27.32,47.17
IIVI,Electronic Equipment/Instruments,2874764200,32.75,30.73
NVST,Medical Specialties,2997698340,19.02,25.63
POWI,Semiconductors,2867817240,98.11,91.76
FNB,Regional Banks,2513310720,7.51,10.64
NEO,Medical/Nursing Services,2710269550,27.35,29.48
BLUE,Biotechnology,3099008750,56.22,73.84
FL,Apparel/Footwear Retail,2432859850,22.96,33.67
ADC,Real Estate Investment Trusts,3080403520,63.06,74.36
MAT,Recreational Products,2976402000,8.605,11.96
HXL,Aerospace & Defense,2541459952,29.13,67.11
ALE,Electric Utilities,2875750120,56.55,74.39
MYOK,Pharmaceuticals: Other,2755514425,61.55,64.52
AVTR,Chemicals: Specialty,9750812800,16.97,16.0
AXE,Wholesale Distributors,3174040025,93.61,97.58
MSGS,Movies/Entertainment,3997133323,168.03,189.26
NTNX,Packaged Software,3433925880,17.77,24.09
JBLU,Airlines,2324874340,8.29,15.57
CLH,Environmental Services,2853991920,50.49,72.68
GH,Medical/Nursing Services,6982975524,77.82,78.08
LSXMA,Movies/Entertainment,19789153320,32.86,45.29
AJRD,Aerospace & Defense,3142682556,40.58,50.99
BOH,Regional Banks,2544280413,61.27,77.98
AWR,Water Utilities,2845600600,77.96,80.49
CLGX,Data Processing Services,3223292490,42.25,48.29
ESNT,Specialty Insurance,2564627616,26.75,46.81
MRTX,Biotechnology,3974850836,92.01,95.23
BHF,Life/Health Insurance,2482220494,25.37,37.46
CR,Miscellaneous Manufacturing,2919217475,51.15,71.56
MUSA,Specialty Stores,3225583680,108.24,100.72
LB,Apparel/Footwear Retail,3329457320,11.62,22.25
LBRDA,Cable/Satellite TV,22425001840,123.85,126.21
SMTC,Semiconductors,2774575150,43.84,40.86
FND,Home Improvement Chains,4057654260,42.57,52.8
TDC,Computer Processing Hardware,2558358400,22.87,20.87
BXMT,Real Estate Investment Trusts,3079349000,22.71,37.91
LANC,Food: Specialty/Candy,3713154480,142.63,149.26
PE,Oil & Gas Production,3900253348,9.23,13.18
BRKS,Electronic Production Equipment,2603692700,36.45,35.01
DOC,Real Estate Investment Trusts,2979613470,14.76,19.3
UNF,Other Consumer Services,3101361678,163.76,188.26
KNSL,Multi-Line Insurance,2593328538,128.5,129.4
PEGA,Information Technology Services,6522586608,85.54,90.44
FHN,Regional Banks,2703852210,8.58,14.05
FGEN,Biotechnology,3291982848,36.31,43.15
NCR,Computer Processing Hardware,2452367840,18.1,25.98
EE,Electric Utilities,2776004056,68.09,68.0
KBR,Engineering & Construction,2730621860,19.16,26.38
STMP,Miscellaneous Commercial Services,2727595520,169.18,147.12
GRA,Chemicals: Specialty,3119348080,48.86,58.45
HLI,Investment Banks/Brokers,3779271475,58.5,53.63
LSCC,Semiconductors,2899779420,21.3,18.63
OFC,Real Estate Investment Trusts,2752872660,24.86,26.58
WDFC,Industrial Specialties,2297864160,171.73,180.31
TCO,Real Estate Investment Trusts,2667643720,43.65,52.56
LPX,Forest Products,2199634090,19.61,29.88
LXP,Real Estate Investment Trusts,2522464080,9.97,10.72
AL,Finance/Rental/Leasing,2681786000,23.96,39.2
VRNT,Information Technology Services,2764437372,43.96,53.91
BCO,Miscellaneous Commercial Services,2347795800,48.37,81.56
EXP,Construction Materials,2455330240,59.26,81.65
SSD,Building Products,3110500260,72.46,82.93
ITGR,Electrical Products,2295865980,72.05,91.15
VIAV,Electronic Equipment/Instruments,2723892990,12.13,13.55
MSM,Wholesale Distributors,3205075023,59.09,63.97
MTG,Specialty Insurance,2229224400,6.77,12.75
THS,Food: Major Diversified,2862712320,51.19,40.6
UFPI,Forest Products,2483329390,40.78,48.61
PSB,Real Estate Investment Trusts,3378592230,121.49,157.96
LAD,Specialty Stores,2479823008,106.98,120.35
TRGP,Oil Refining/Marketing,2787983640,12.45,33.91
CHH,Hotels/Resorts/Cruiselines,3958922940,71.98,94.35
UMPQ,Regional Banks,2569442250,11.33,16.12
RAMP,Data Processing Services,2440525260,36.88,0.0
EHTH,Life/Health Insurance,2645207360,108.15,123.87
VSAT,Telecommunications Equipment,2446651834,39.83,59.02
DT,Packaged Software,7935181920,29.3,32.38
BL,Packaged Software,3222509320,61.05,63.02
JBT,Industrial Machinery,2214473310,70.37,100.06
WTM,Multi-Line Insurance,3029524685,935.94,1006.0
PACW,Regional Banks,2183822840,18.12,32.73
IRTC,Medical Specialties,2886228252,106.61,88.02
LIVN,Medical Specialties,2454211080,49.81,70.14
ENS,Electrical Products,2348149500,55.78,63.87
NTRA,Medical/Nursing Services,2837154383,36.31,36.96
CHNG,Packaged Software,1399720680,11.5,14.33
AXSM,Pharmaceuticals: Other,3400555688,90.33,88.87
OZK,Regional Banks,2699334990,20.61,26.42
ACIA,Computer Communications,2838648698,68.3,68.6
IBKC,Savings Banks,2072662410,39.095,63.42
BLKB,Packaged Software,2641336476,55.42,69.93
ENR,Household/Personal Care,2573186980,38.68,46.19
STL,Regional Banks,2249902200,11.03,17.7
NRZ,Real Estate Investment Trusts,2518832940,6.52,16.54
RH,Specialty Stores,2737282236,143.28,192.96
WBS,Savings Banks,2370621880,25.12,40.56
WPX,Oil & Gas Production,3266691600,5.66,9.08
CBRL,Restaurants,2181207300,86.89,149.3
SJI,Gas Distributors,2450796480,26.66,28.77
BRC,Miscellaneous Manufacturing,2268959679,43.18,48.86
OLN,Industrial Specialties,1892633490,11.57,16.93
XEC,Oil & Gas Production,2444114480,23.26,32.72
ASGN,Personnel Services,2751710445,52.3,50.93
SBRA,Real Estate Investment Trusts,2522208930,12.235,19.48
DEA,Real Estate Investment Trusts,2108752280,25.38,25.26
SHEN,Major Telecommunications,2259836280,45.47,45.85
PDM,Real Estate Investment Trusts,2044957040,16.28,22.34
CWT,Water Utilities,2222332680,46.39,50.34
SLGN,Containers/Packaging,3749657220,33.65,30.36
ADSW,Environmental Services,2915554290,32.4,32.97
PRLB,Industrial Machinery,2513318500,96.27,88.67
AGR,Electric Utilities,12788168120,42.71,52.0
SAIA,Trucking,2312909217,94.58,87.76
H,Hotels/Resorts/Cruiselines,5236554591,51.16,77.04
VMI,Metal Fabrication,2450456284,113.08,118.52
TKR,Metal Fabrication,2746668599,37.33,45.31
BOX,Information Technology Services,2298236000,15.72,16.89
EPR,Real Estate Investment Trusts,2153146800,26.97,60.82
WRI,Real Estate Investment Trusts,2189774760,16.86,27.74
NHI,Real Estate Investment Trusts,2325372000,52.68,82.44
FRPT,Food: Specialty/Candy,2887118154,77.02,69.25
SYNA,Information Technology Services,2101928972,64.63,69.71
MGEE,Electric Utilities,2182697280,63.44,74.33
AGIO,Biotechnology,2645352960,39.45,49.34
NEWR,Information Technology Services,3075230700,53.03,54.92
CPRI,Apparel/Footwear Retail,2073186200,13.81,25.43
SAFM,Food: Meat/Fish/Dairy,2992345280,136.53,124.48
ABM,Miscellaneous Commercial Services,2156179160,32.21,34.72
SPR,Aerospace & Defense,2129445520,18.8,52.98
CNO,Multi-Line Insurance,1948636000,13.48,16.87
HOMB,Regional Banks,2379396190,13.87,17.38
JHG,Investment Managers,3372831360,18.2,21.66
WYND,Hotels/Resorts/Cruiselines,2107937648,23.8,40.86
ITRI,Electronic Equipment/Instruments,2706048180,56.515,79.1
SFM,Food Retail,2557757440,22.26,16.62
CHWY,Internet Retail,15750993055,42.09,28.93
TPX,Home Furnishings,2775287095,53.2,77.53
ISBC,Savings Banks,2196993060,8.69,10.97
ARES,Investment Managers,12175024677,32.5,36.5
HHC,Real Estate Development,2886412944,51.99,110.34
TGNA,Broadcasting,2318908860,10.4,15.03
SCL,Chemicals: Specialty,2047253860,91.88,90.48
FHB,Regional Banks,2203181160,16.4,24.92
APLE,Real Estate Investment Trusts,1947324240,8.33,13.19
HAIN,Food: Specialty/Candy,2658685950,26.21,25.23
MTZ,Engineering & Construction,2587230684,35.45,50.71
LCII,Miscellaneous Manufacturing,2011222680,84.47,98.64
HMSY,Miscellaneous Commercial Services,2518826541,28.56,23.98
WTFC,Regional Banks,2250584950,38.12,55.79
ADS,Data Processing Services,2207035180,45.34,86.07
AN,Specialty Stores,3264906260,36.73,44.03
MEDP,Miscellaneous Commercial Services,2795646735,80.32,94.84
ARNA,Biotechnology,2579973720,50.58,47.17
TNET,Miscellaneous Commercial Services,3280488574,50.38,54.57
ASB,Regional Banks,2130143400,13.63,17.7
WTS,Industrial Machinery,2768790912,81.58,95.63
CFX,Industrial Machinery,2791333930,24.11,34.24
UHAL,Finance/Rental/Leasing,5415141360,279.14,335.03
PCH,Real Estate Investment Trusts,2198690544,32.69,37.8
EVR,Investment Banks/Brokers,2006515121,48.48,68.05
PK,Real Estate Investment Trusts,2035047360,8.27,18.83
FN,Semiconductors,2176493220,58.02,57.5
BLDR,Building Products,1963729240,16.9,24.17
BXS,Regional Banks,2180349780,20.19,26.0
SANM,Electronic Components,1823191821,27.11,26.77
ESGR,Insurance Brokers/Services,3106232206,137.7,184.87
ONB,Regional Banks,2194298610,13.11,16.69
EYE,Specialty Stores,2004149272,24.4,36.33
THC,Hospital/Nursing Management,1877322880,18.9,28.4
EXLS,Data Processing Services,2102547447,62.03,76.51
INDB,Regional Banks,2279969652,66.14,71.49
PLXS,Electronic Components,1771590200,60.53,66.72
HP,Contract Drilling,1990337400,17.0,37.62
WMS,Miscellaneous Manufacturing,2712231980,40.25,43.69
UMBF,Regional Banks,2336083757,46.99,61.12
MMSI,Medical Specialties,2185843100,39.48,36.92
IRDM,Wireless Telecommunications,2776788000,21.75,27.85
POL,Chemicals: Specialty,2011654573,22.09,25.11
COMM,Telecommunications Equipment,1943075800,10.16,11.16
MANT,Packaged Software,2993419848,75.91,78.74
ALKS,Biotechnology,2181073860,14.32,21.24
OUT,Real Estate Investment Trusts,2049812600,13.32,27.13
DKS,Specialty Stores,2368208091,27.4,36.48
KBH,Homebuilding,2335367360,26.33,34.29
JJSF,Food: Specialty/Candy,2293746576,124.1,163.97
GATX,Finance/Rental/Leasing,2071236860,60.86,72.76
AAN,Finance/Rental/Leasing,2091843360,29.4,38.75
GO,Food Retail,2975618196,34.45,31.53
ACHC,Medical/Nursing Services,1915859452,26.23,29.93
WAFD,Savings Banks,1934290855,25.0,31.56
SXT,Wholesale Distributors,1969898580,46.28,50.89
PENN,Casinos/Gaming,1826432440,15.73,28.22
MIC,Investment Managers,2479089218,27.76,40.42
VSH,Electronic Components,2257914834,15.8,19.13
CBT,Industrial Specialties,1781452400,31.4,38.61
FEYE,Information Technology Services,2342090440,10.8,13.62
SSB,Regional Banks,1837758790,52.54,70.89
BKU,Regional Banks,1680870597,17.68,30.9
NWN,Gas Distributors,1897632912,63.2,66.27
FOXF,Recreational Products,1935554420,52.0,63.44
JWN,Apparel/Footwear Retail,2792339560,17.34,34.42
TRIP,Other Consumer Services,2510857421,18.36,24.11
STAY,Hotels/Resorts/Cruiselines,2677776402,10.3,11.22
PBH,Pharmaceuticals: Other,2009634680,39.37,39.13
CNX,Integrated Oil,1960378320,10.76,5.35
TDS,Wireless Telecommunications,1984652396,18.01,20.81
AMN,Personnel Services,1995043320,43.06,74.48
SPXC,Industrial Conglomerates,1558559480,36.52,44.82
CNNE,Financial Conglomerates,2435605710,31.34,39.54
KMT,Industrial Machinery,1847796420,24.22,28.54
IDCC,Telecommunications Equipment,1700749314,55.22,54.0
ESE,Aerospace & Defense,1925005230,74.66,93.21
CSFL,Regional Banks,2046936680,15.83,21.26
CCXI,Biotechnology,3370190220,54.45,46.52
OTTR,Electric Utilities,1748329680,43.15,50.0
PINC,Hospital/Nursing Management,3817855166,30.45,30.69
SHOO,Apparel/Footwear,1892961180,22.67,32.72
NVTA,Medical/Nursing Services,2026347260,16.67,20.1
UNVR,Wholesale Distributors,2276488920,13.62,17.31
SABR,Packaged Software,1861540800,6.68,13.42
ROG,Chemicals: Specialty,1993112280,106.26,119.71
CLDR,Packaged Software,2275922610,7.77,9.1
KAR,Miscellaneous Commercial Services,1832893920,14.09,20.21
SAGE,Pharmaceuticals: Other,2061655838,39.99,53.36
CATY,Regional Banks,2041895913,24.78,32.13
WWE,Movies/Entertainment,3406264884,44.31,46.36
OMF,Finance/Rental/Leasing,2991261860,22.02,38.57
COLM,Apparel/Footwear,4346577598,65.32,81.97
FHI,Investment Managers,2293392060,22.07,30.9
AUB,Regional Banks,1769409792,22.04,30.3
AEIS,Electronic Production Equipment,2039411700,54.82,59.94
SHO,Real Estate Investment Trusts,1934372720,8.57,11.31
HWC,Regional Banks,1784564760,19.75,35.09
ESTC,Packaged Software,5154960680,63.68,72.74
UAA,Apparel/Footwear,4379114490,9.38,14.1
ESI,Chemicals: Major Diversified,2452704580,10.19,10.72
CC,Industrial Specialties,1790778310,12.18,14.43
UI,Telecommunications Equipment,10197286020,158.21,0.0
FATE,Biotechnology,2160407650,27.89,31.01
NSIT,Information Technology Services,1832670080,53.6,57.07
ICPT,Pharmaceuticals: Other,2583559920,80.35,92.06
SFNC,Major Banks,1929469080,17.0,22.38
CIT,Major Banks,1666320040,16.04,40.64
AIT,Wholesale Distributors,1861806700,51.79,58.66
BHVN,Pharmaceuticals: Major,2846349530,48.74,46.56
ZG,Information Technology Services,8906387004,42.86,54.62
FULT,Regional Banks,1745112350,10.57,15.25
RHP,Real Estate Investment Trusts,1756768000,30.21,70.84
IOSP,Chemicals: Specialty,1734718723,70.36,89.0
SPB,Electronics/Appliances,1916116250,42.61,57.71
TMHC,Homebuilding,1804018080,14.37,23.82
VRNS,Information Technology Services,2034091520,71.74,84.44
MNRO,Specialty Stores,1761056440,52.88,56.57
KW,Real Estate Development,1932115700,13.42,20.82
CMPR,Commercial Printing/Forms,1682923632,68.3,115.04
NGVT,Chemicals: Major Diversified,1967312886,46.6,49.13
CSGS,Data Processing Services,1572482520,47.88,45.56
TRTN,Finance/Rental/Leasing,2063300424,29.74,34.62
CNMD,Medical Specialties,1939347036,67.06,97.69
RPD,Information Technology Services,2302149804,46.66,46.48
GT,Automotive Aftermarket,1479895680,6.14,9.49
GPS,Apparel/Footwear Retail,2958753660,7.45,14.03
ENSG,Medical/Nursing Services,1832683655,35.57,44.33
PZZA,Restaurants,2348410900,76.16,57.39
CFFN,Savings Banks,1645784560,11.67,12.88
NSP,Personnel Services,1906321585,53.0,69.41
TRN,Trucks/Construction/Farm Machinery,2142222120,18.46,21.0
SPSC,Packaged Software,1895531706,55.89,55.16
FELE,Industrial Machinery,2290745360,48.7,52.81
DIOD,Semiconductors,2392511520,47.36,45.2
BDN,Real Estate Investment Trusts,1819664550,10.17,14.16
HGV,Real Estate Development,1556115632,17.53,26.58
PCRX,Pharmaceuticals: Other,1710784416,41.25,43.59
MTH,Homebuilding,2012970150,55.11,65.21
AIN,Textiles,1566928000,49.7,67.25
KWR,Chemicals: Specialty,2517554010,141.99,156.23
M,Department Stores,1631960900,5.16,12.99
PRGS,Packaged Software,1731504080,38.58,37.7
CMC,Steel,1897848280,15.83,18.92
UA,Apparel/Footwear,3936231910,8.46,12.49
CLF,Steel,1718026340,4.38,5.92
NTCT,Information Technology Services,1883307600,26.27,26.07
FG,Life/Health Insurance,2173730800,10.21,11.74
SUM,Construction Materials,1595273164,13.9,19.84
CROX,Apparel/Footwear,1502462500,22.51,26.54
TREE,Finance/Rental/Leasing,3205529570,234.2,283.91
LGND,Biotechnology,1537240266,99.88,102.79
B,Industrial Machinery,1790708750,35.58,55.54
HASI,Real Estate Investment Trusts,1965580695,27.76,36.67
INT,Wholesale Distributors,1576026240,23.42,29.32
INSM,Biotechnology,2234374538,23.88,26.1
CMP,Chemicals: Specialty,1542424920,45.55,55.97
KLIC,Semiconductors,1319721578,21.71,23.69
AAON,Industrial Machinery,2363635910,46.13,57.89
PGRE,Real Estate Investment Trusts,1902615000,8.62,12.45
WERN,Trucking,2821513080,41.75,33.41
APLS,Pharmaceuticals: Major,2575751841,35.3,36.66
R,Finance/Rental/Leasing,1761466080,33.92,37.48
CSOD,Packaged Software,2097901400,33.5,41.1
DK,Oil Refining/Marketing,1670378528,20.42,20.55
HCSG,Miscellaneous Commercial Services,1870074080,25.22,27.57
NAVI,Finance/Rental/Leasing,1399337080,7.19,11.58
PINS,Internet Software/Services,13028992949,20.81,20.0
SC,Finance/Rental/Leasing,4842459440,15.09,24.05
WWW,Apparel/Footwear,1565300784,18.92,26.45
CWST,Environmental Services,2119759428,46.06,49.42
FSS,Trucks/Construction/Farm Machinery,1612694402,26.41,30.34
SHAK,Restaurants,1994753335,49.22,57.2
GNW,Life/Health Insurance,1692172100,3.35,4.18
VG,Specialty Telecommunications,2102546660,8.3,8.8
CXP,Real Estate Investment Trusts,1506819210,12.79,19.8
TRMK,Regional Banks,1583654562,24.09,28.34
ATGE,Other Consumer Services,1670494980,31.55,30.91
TERP,Alternative Power Generation,3714944400,16.85,19.67
ACA,Trucks/Construction/Farm Machinery,1677735840,34.32,43.89
MC,Investment Banks/Brokers,2194236273,29.53,32.28
ATRC,Medical Specialties,1644174675,41.07,39.11
GEO,Real Estate Investment Trusts,1419550000,11.57,16.52
YELP,Internet Software/Services,1632415239,21.99,31.65
AMBA,Semiconductors,1694351958,50.4,59.87
EPAY,Packaged Software,1736555680,40.07,44.33
MUR,Oil & Gas Production,1666267050,10.46,19.06
HUBG,Air Freight/Couriers,1505930934,44.17,48.78
FORM,Electronic Production Equipment,1708223940,22.88,22.65
CXW,Real Estate Investment Trusts,1402051880,11.81,16.08
MTOR,Auto Parts: OEM,1346913352,18.99,22.59
SWN,Oil & Gas Production,1608816330,2.99,1.45
ETRN,Oil & Gas Pipelines,2009069820,8.46,6.65
SEM,Hospital/Nursing Management,1943538050,15.01,24.62
TPH,Homebuilding,1433909370,11.22,15.78
WRE,Real Estate Investment Trusts,1761585940,21.5,27.57
HLNE,Investment Managers,3222041547,64.67,66.33
FUL,Industrial Specialties,1788588690,34.59,40.29
NUS,Household/Personal Care,1439613745,27.34,24.75
SKYW,Airlines,1315225690,24.83,43.6
COLB,Regional Banks,1728548325,23.03,34.89
ONTO,Electronic Production Equipment,1534131900,31.09,0.0
ARCT,Pharmaceuticals: Major,591441660,38.47,14.1
XNCR,Biotechnology,1659409728,29.87,32.28
DORM,Automotive Aftermarket,1962819650,60.51,61.68
SAIL,Packaged Software,1565847770,18.39,25.09
BMI,Industrial Machinery,1634650836,57.31,63.89
WLK,Chemicals: Major Diversified,5302176630,42.75,57.3
DOOR,Building Products,1450062600,57.34,77.71
IBOC,Regional Banks,1784488684,27.43,35.69
MSEX,Water Utilities,1064476560,61.81,64.43
SJW,Water Utilities,1675388400,58.24,63.1
RLJ,Real Estate Investment Trusts,1414762560,8.19,13.66
BEAT,Medical Specialties,1490571720,45.25,43.47
KPTI,Biotechnology,1511490860,19.63,27.72
LMNX,Biotechnology,1633652280,38.2,26.36
CNS,Investment Managers,2733081603,58.65,66.45
MGRC,Finance/Rental/Leasing,1282096955,51.91,70.68
AEL,Life/Health Insurance,1764594288,19.16,26.59
MTX,Chemicals: Specialty,1441560442,42.44,45.02
AA,Aluminum,1450168200,7.81,13.73
COTY,Household/Personal Care,4054285820,5.23,9.3
PDCO,Medical Distributors,1556847500,16.88,24.93
MNR,Real Estate Investment Trusts,1250046160,12.62,14.63
AIMC,Industrial Machinery,1652216300,27.12,30.3
WSFS,Savings Banks,1373166960,26.48,36.42
CNK,Movies/Entertainment,1610119900,13.24,24.74
ALLK,Pharmaceuticals: Major,2807458620,59.58,65.5
FLR,Engineering & Construction,1397534780,9.66,10.04
EVTC,Data Processing Services,1836869400,25.32,31.04
ALRM,Information Technology Services,2028521600,43.18,50.11
IRBT,Electronics/Appliances,1651865932,59.0,47.35
CTRE,Real Estate Investment Trusts,1507455510,16.3,21.22
INO,Medical Specialties,1638625450,10.64,4.39
YETI,Miscellaneous Manufacturing,2302691000,26.88,29.61
EPRT,Real Estate Development,1162245472,12.34,24.67
EGHT,Packaged Software,1650598380,16.3,18.6
HI,Industrial Conglomerates,1447307030,19.69,23.64
BECN,Wholesale Distributors,1419467780,21.32,31.2
KFY,Personnel Services,1535177160,27.71,35.62
APPF,Information Technology Services,3603997140,111.5,123.44
JACK,Restaurants,1365780850,59.47,71.63
WORK,Packaged Software,15145164653,27.29,27.21
CPK,Gas Distributors,1414591080,86.85,91.34
BOKF,Regional Banks,3483083090,48.48,74.7
FMBI,Regional Banks,1542271230,12.85,18.93
AVNS,Medical Specialties,1482346240,30.15,32.76
HL,Precious Metals,1417999370,2.64,2.83
SMPL,Food: Major Diversified,1735897800,18.17,22.42
MWA,Industrial Machinery,1474475880,8.92,11.36
PEB,Real Estate Investment Trusts,1432844620,10.83,20.22
GHC,Other Consumer Services,1924600793,355.17,501.07
GKOS,Medical Specialties,1527730568,38.44,44.27
UFS,Pulp & Paper,1218601824,21.7,30.23
IRWD,Pharmaceuticals: Other,1625553600,10.495,12.69
CVLT,Packaged Software,1914835090,41.45,41.64
NAV,Trucks/Construction/Farm Machinery,2302221740,23.06,36.11
SFBS,Regional Banks,1810773720,32.71,35.84
DAN,Auto Parts: OEM,1530064380,10.39,14.4
PS,Information Technology Services,2149358474,15.99,17.26
SIX,Movies/Entertainment,1746235630,18.92,25.14
MDC,Homebuilding,1825384350,27.61,41.23
FRME,Regional Banks,1449210536,26.35,37.25
CIM,Real Estate Investment Trusts,1430406640,7.89,21.1
RDFN,Real Estate Development,1953246016,20.19,28.62
DNLI,Biotechnology,2451092050,24.39,19.88
ESRT,Real Estate Investment Trusts,1464002890,7.97,12.32
VC,Auto Parts: OEM,1654196250,59.41,67.39
WSBC,Regional Banks,1589947551,22.37,31.52
GDOT,Finance/Rental/Leasing,1480810950,28.98,34.23
URBN,Apparel/Footwear Retail,1648520220,15.92,23.02
ABCB,Regional Banks,1674229743,23.17,35.27
AEO,Apparel/Footwear Retail,1232975000,7.24,13.07
NSA,Real Estate Investment Trusts,2632522172,27.11,35.45
VIRT,Investment Banks/Brokers,4740535117,24.9,19.67
FLOW,Industrial Machinery,1288580800,31.0,38.62
CVCO,Homebuilding,1375688160,151.09,205.57
CLI,Real Estate Investment Trusts,1368913115,14.78,19.7
EPC,Household/Personal Care,1436314350,26.88,32.66
CALM,Food: Specialty/Candy,2116697751,43.08,36.39
RMBS,Semiconductors,1443098020,14.51,14.3
SPCE,Aerospace & Defense,3509538720,16.62,25.98
MSGE,Media Conglomerates,1948351096,79.76,0.0
FWRD,Air Freight/Couriers,1317048876,47.51,61.47
RPAI,Real Estate Investment Trusts,1244048820,5.68,10.69
EGOV,Internet Software/Services,1554373700,23.91,18.6
PLUG,Electronic Components,1314350130,4.17,4.36
BDC,Electrical Products,1423374300,32.14,41.35
ILPT,Real Estate Investment Trusts,1156399640,17.26,21.26
SATS,Telecommunications Equipment,2931157079,29.9,35.3
FCPT,Real Estate Investment Trusts,1488051608,20.97,29.53
APAM,Investment Managers,2295625350,29.25,29.97
KALU,Aluminum,1039113576,67.07,97.97
FIT,Other Consumer Specialties,1829735181,6.81,6.49
WK,Information Technology Services,1778573184,37.99,42.56
SVMK,Information Technology Services,2069669300,15.51,17.62
HTH,Regional Banks,1622490283,17.27,21.77
X,Steel,1413050100,8.06,8.27
MLI,Metal Fabrication,1384108674,24.8,28.58
CRWD,Packaged Software,15656210690,71.59,59.13
WABC,Regional Banks,1628308720,59.81,60.76
CARG,Internet Software/Services,2641239629,23.85,24.86
ERI,Casinos/Gaming,1472966016,18.37,45.43
CWEN,Electric Utilities,7003128355,20.31,21.59
UHT,Real Estate Investment Trusts,1392997500,98.59,110.25
AM,Oil & Gas Pipelines,2244296160,4.55,4.44
KOD,Biotechnology,2293759320,55.43,67.71
KTOS,Aerospace & Defense,1559491380,14.92,16.2
RNST,Regional Banks,1370865200,23.49,29.68
DRH,Real Estate Investment Trusts,1123422334,5.2,9.24
BYD,Casinos/Gaming,1758926320,15.46,26.21
ARGO,Multi-Line Insurance,1131912190,32.19,57.49
RGNX,Biotechnology,1560696420,42.85,40.04
CORT,Pharmaceuticals: Other,1454299380,13.24,13.22
GTLS,Industrial Machinery,1233280510,34.93,56.84
OI,Containers/Packaging,1211859540,7.39,10.72
CENTA,Consumer Sundries,1676291561,30.57,26.04
OSIS,Semiconductors,1312285450,71.75,82.22
TBPH,Pharmaceuticals: Other,1677113240,27.71,25.42
ICFI,Miscellaneous Commercial Services,1331278383,69.95,81.52
PAG,Specialty Stores,2769605120,33.88,46.79
ADNT,Auto Parts: OEM,1389074330,15.23,23.53
IIPR,Real Estate Investment Trusts,1301357123,77.07,97.95
ROCK,Metal Fabrication,1485540000,46.91,52.31
WW,Other Consumer Services,1603951500,22.76,30.01
BMCH,Building Products,1388150400,21.8,26.1
VGR,Tobacco,1559335050,10.47,11.46
ATKR,Electrical Products,1085484240,23.86,38.8
UE,Real Estate Investment Trusts,1261501850,10.1,16.78
LPSN,Internet Software/Services,1559068640,23.39,25.96
SBH,Specialty Stores,1108299140,9.66,12.35
DLX,Commercial Printing/Forms,1118403880,25.7,33.11
CATS,Medical/Nursing Services,417781800,24.2,16.35
PLUS,Electronics Distributors,923000040,67.56,76.08
FFBC,Regional Banks,1422509880,14.0,21.79
MXL,Semiconductors,1133105922,16.01,15.28
PRAA,Miscellaneous Commercial Services,1205909792,26.4,38.55
CMD,Medical Specialties,1384348275,33.33,62.57
TOWN,Regional Banks,1380582240,18.11,24.4
CORE,Wholesale Distributors,1303887120,27.23,27.66
TCBI,Regional Banks,1364026005,26.48,48.75
UNIT,Real Estate Investment Trusts,1312623000,6.63,10.33
COKE,Beverages: Non-Alcoholic,2182840597,233.64,221.02
ADUS,Medical/Nursing Services,1150121280,88.65,82.08
PPC,Food: Meat/Fish/Dairy,4974238080,20.215,21.49
WGO,Recreational Products,1365065470,44.04,52.7
TWOU,Packaged Software,1624553520,27.71,24.7
KN,Electronic Components,1368923400,14.79,16.72
PTON,Other Consumer Services,9514642963,36.22,27.92
LTC,Real Estate Investment Trusts,1331836488,34.51,45.99
MD,Medical/Nursing Services,1144526160,13.06,17.42
CSII,Medical Specialties,1401108000,41.2,39.45
MLHR,Office Equipment/Supplies,1262967300,21.76,34.26
KEM,Electronic Components,1576149400,27.09,26.02
CERS,Medical Specialties,852566000,5.34,5.11
RCUS,Biotechnology,1241586900,27.14,17.59
MINI,Finance/Rental/Leasing,1177447100,26.98,41.02
IBP,Wholesale Distributors,1389975378,49.53,64.83
BAND,Miscellaneous Commercial Services,2206210563,97.49,64.03
APPN,Packaged Software,3002556993,46.52,45.89
PDCE,Oil & Gas Production,1167308200,11.84,18.53
WOR,Steel,1386460608,25.17,32.74
WCC,Wholesale Distributors,1082417050,25.93,41.57
EPZM,Biotechnology,1676419500,18.27,22.99
RRC,Oil & Gas Production,1585247000,5.91,2.63
SAFT,Property/Casualty Insurance,1213369560,79.46,82.67
ARI,Real Estate Investment Trusts,1192128250,7.82,17.02
TWO,Real Estate Investment Trusts,1200787920,4.54,14.29
FIX,Engineering & Construction,1157954250,33.36,43.17
VCYT,Biotechnology,1366499546,27.25,26.1
TNC,Industrial Machinery,1051387560,57.94,74.47
NWBI,Savings Banks,1307828250,10.14,14.65
ABG,Specialty Stores,1272028420,67.45,93.03
CLR,Oil & Gas Production,5221087300,13.66,18.09
SUPN,Pharmaceuticals: Other,1163184678,22.17,18.7
INOV,Data Processing Services,2520428411,16.35,19.96
DDOG,Packaged Software,13614864664,46.6,44.79
AAT,Real Estate Investment Trusts,1641057760,27.09,42.91
ARVN,Biotechnology,1957480000,51.33,48.38
ALTR,Packaged Software,2298749260,31.94,35.14
NWS,Publishing: Newspapers,5829716060,9.81,12.66
ZGNX,Pharmaceuticals: Other,1464314922,26.645,25.25
ROIC,Real Estate Investment Trusts,1058839600,9.17,15.49
MCY,Property/Casualty Insurance,2184980260,37.14,45.5
CVGW,Food: Specialty/Candy,947457060,53.32,55.22
PRFT,Personnel Services,1087320000,33.32,42.84
PSMT,Discount Stores,1911644470,62.17,57.65
CLNY,Real Estate Investment Trusts,1119259414,2.05,4.31
HRTX,Biotechnology,1302526977,14.38,18.3
NNI,Finance/Rental/Leasing,1858373788,47.06,52.37
UVV,Tobacco,1145181400,44.77,49.79
GNL,Real Estate Investment Trusts,1193383060,13.25,18.96
MODN,Information Technology Services,918569160,27.48,29.83
TENB,Packaged Software,2554076620,26.12,24.93
ELY,Recreational Products,1293985000,13.21,16.7
SBGI,Broadcasting,1357584979,15.38,23.54
BGS,Food: Major Diversified,1262961484,19.53,16.09
AVAV,Aerospace & Defense,1428662300,60.59,54.32
TWNK,Food: Specialty/Candy,1512655877,11.515,12.68
WDR,Investment Managers,939835500,13.67,14.28
BCC,Forest Products,1197076380,30.7,36.45
ALLO,Biotechnology,3969852480,30.86,27.62
AQUA,Environmental Services,1834432600,15.63,21.91
MDRX,Information Technology Services,927669810,5.74,7.94
PRO,Information Technology Services,1446850400,33.31,46.7
CRS,Steel,1016336426,20.64,38.2
FIBK,Regional Banks,2107867112,31.72,35.93
FSCT,Information Technology Services,1564891713,31.92,32.66
OPI,Real Estate Investment Trusts,1234909620,25.84,30.51
IRET,Real Estate Investment Trusts,773468796,58.68,72.45
DRQ,Oilfield Services/Equipment,1061511000,29.18,36.99
BLMN,Restaurants,911499920,9.51,18.45
LILAK,Cable/Satellite TV,1830511564,9.76,15.42
GOLF,Recreational Products,1995828364,26.83,26.56
CSWI,Industrial Specialties,988030320,65.84,69.23
CTB,Automotive Aftermarket,1034976940,20.27,25.55
AMCX,Cable/Satellite TV,1243760780,22.87,31.07
IBTX,Regional Banks,1259833486,28.91,47.86
DRNA,Biotechnology,1534453384,22.52,20.42
MATX,Other Transportation,1251201870,28.41,33.21
CAR,Finance/Rental/Leasing,971694526,13.88,32.28
MYGN,Biotechnology,1136887500,14.82,18.06
ODP,Specialty Stores,1058176000,1.85,2.44
TRS,Miscellaneous Manufacturing,1001025376,22.91,26.75
LKFN,Regional Banks,1040633490,39.01,43.03
MSTR,Internet Software/Services,1157512716,120.81,136.72
ATSG,Airlines,1175785280,19.52,17.55
HNI,Office Equipment/Supplies,967669506,22.86,33.5
KRNY,Savings Banks,742099680,8.54,11.29
EDIT,Biotechnology,1371266044,25.6,22.72
THRM,Auto Parts: OEM,1190511828,37.33,42.07
RUN,Electric Utilities,1613413050,13.25,19.36
PBF,Oil Refining/Marketing,1300659297,10.17,21.97
SVC,Real Estate Investment Trusts,1023600520,5.95,18.18
INVA,Pharmaceuticals: Other,1361740800,13.44,13.78
PFS,Savings Banks,869152200,12.85,20.93
TTMI,Electronic Components,1157050440,11.04,13.29
SWI,Packaged Software,5237141000,17.25,18.48
MTSI,Semiconductors,1934836455,29.13,26.57
ITCI,Biotechnology,1134023130,17.89,21.88
LZB,Home Furnishings,1029297880,22.26,29.16
AX,Savings Banks,1299897703,20.88,25.93
GCP,Industrial Specialties,1221041500,16.91,19.64
AMKR,Semiconductors,2346379770,9.72,10.54
JRVR,Property/Casualty Insurance,1034641560,34.12,42.68
MEI,Electronic Components,1047449840,28.43,30.12
SBCF,Regional Banks,1134781710,20.73,26.14
ECOL,Environmental Services,1032753326,31.57,44.64
HURN,Miscellaneous Commercial Services,998958280,43.88,59.56
CVET,Packaged Software,1192342320,11.23,10.9
GPI,Specialty Stores,972629019,54.43,83.64
CBZ,Miscellaneous Commercial Services,1233721803,22.63,26.95
DDD,Industrial Machinery,975898070,8.33,9.53
BHE,Electronic Components,723221760,19.43,27.56
XHR,Real Estate Investment Trusts,1041067080,8.5,15.61
FBP,Regional Banks,1175887790,5.21,8.3
CUB,Aerospace & Defense,1169218560,37.0,55.56
